
<?xml version="1.0" encoding="UTF-8"?>
<OfficeApp xmlns="http://schemas.microsoft.com/office/appforoffice/1.1" xmlns:xsi="http://www.w3.org/2001/XMLSchema-instance" xsi:type="MailApp">
  <Id>00000000-0000-0000-0000-000000000001</Id>
  <Version>1.0.0.0</Version>
  <ProviderName>EmailTracker</ProviderName>
  <DefaultLocale>en-US</DefaultLocale>
  <DisplayName>Email Open Tracker</DisplayName>
  <Description>Track when recipients open your emails</Description>
  <IconUrl DefaultValue="https://example.com/icon.png" />
  <SupportUrl DefaultValue="https://example.com/support" />
  <Hosts>
    <Host Name="Mailbox" />
  </Hosts>
  <Requirements>
    <Sets>
      <Set Name="Mailbox" MinVersion="1.1" />
    </Sets>
  </Requirements>
  <FormSettings>
    <Form xsi:type="ItemRead">
      <DesktopSettings>
        <SourceLocation DefaultValue="https://yourdomain.com/taskpane.html" />
        <RequestedHeight>250</RequestedHeight>
      </DesktopSettings>
    </Form>
  </FormSettings>
  <Permissions>ReadWriteItem</Permissions>
</OfficeApp>
